{"name": "vanilla", "losses": [1.2893194522699127, 0.7543283423499378, 0.5584032161308982, 0.40961052706022094, 0.2762735896479443, 0.1661114209638837, 0.08580322970476602, 0.040492367825906754, 0.01972825435535682, 0.011177029910847507, 0.006701159123045481, 0.004484615524185112, 0.0032956627137420693, 0.0026326582186779156, 0.002602394723840763], "test_losses": [0.9106466672088527, 0.7627862337269361, 0.7246271405793443, 0.6905194230471985, 0.7152303374266322, 0.7584936030303375, 0.837275968322271, 0.8860074202471142, 0.955535319409793, 0.9960244060317173, 1.024340812164017, 1.0739407199847548, 1.0891266910335686, 1.1859170371973062, 1.1897903114934512], "accuracies": [0.55386, 0.73824, 0.81026, 0.86552, 0.91472, 0.95528, 0.98286, 0.99486, 0.99896, 0.9997, 0.99998, 0.99996, 0.99998, 0.99996, 0.99994], "test_accuracies": [0.6812, 0.7341, 0.7514, 0.7659, 0.7688, 0.7734, 0.7678, 0.7741, 0.7693, 0.7695, 0.7703, 0.7682, 0.774, 0.7589, 0.7698], "correlations": [0.0, 7.104741598595865e-06, 1.6017625966924243e-05, 2.3892760509625077e-05, 3.694634870043956e-05, 4.290928700356744e-05, 4.859849650529213e-05, 5.988367774989456e-05, 6.569835386471823e-05, 7.128821744117886e-05, 8.303502545459196e-05, 8.962277934188023e-05, 9.562988270772621e-05, 0.00010790371743496507, 0.0001147231669165194, 0.0001211488779517822, 0.00013381813187152147, 0.00014051426842343062, 0.0001469376584282145, 0.00015858990082051605, 0.00016436315490864217, 0.0001703084708424285, 0.0001801855833036825, 0.00018470551003701985, 0.00018925039330497384, 0.00019685938605107367, 0.00020025583216920495, 0.00020368644618429244, 0.00020956587104592472, 0.0002122819423675537, 0.00021490882500074804, 0.0002195451088482514, 0.00022174199693836272, 0.00022381126473192126, 0.00022763841843698174, 0.0002293698926223442, 0.00023126762243919075, 0.0002347619883948937, 0.00023643081658519804, 0.00023820684873498976, 0.0002413522161077708, 0.00024286797270178795, 0.00024448917247354984, 0.0002482638810761273, 0.0002501525159459561, 0.00025214790366590023]}