{"name": "vanilla", "losses": [1.5564081129210685, 0.9759369612959645, 0.776599805678248, 0.6512768761733608, 0.5504361877356039, 0.4696765339283077, 0.38928007370675616, 0.3155730844992201, 0.24942193075519084, 0.1886177470388315, 0.13777707339933767, 0.09528320207429664, 0.06323071496794595, 0.041741602513415126, 0.02737426841178971], "test_losses": [1.140850378742701, 0.9095607362216032, 0.8011681180966052, 0.7455286617520489, 0.7530797712410553, 0.7161537416373627, 0.6999204490758195, 0.7080165792869616, 0.7370756027064745, 0.7536787473702733, 0.7942226898821094, 0.8351047687892672, 0.8845608407938028, 0.9262037337580814, 0.9781962900976592], "accuracies": [0.4661, 0.66278, 0.73238, 0.77712, 0.81234, 0.84244, 0.87312, 0.90068, 0.92602, 0.94804, 0.96666, 0.98062, 0.9902, 0.99574, 0.99824], "test_accuracies": [0.607, 0.6773, 0.7192, 0.7366, 0.7383, 0.7538, 0.7632, 0.7604, 0.7605, 0.762, 0.7634, 0.7616, 0.7602, 0.7565, 0.757], "correlations": [0.0, 2.3472034627047833e-06, 6.65545212541474e-06, 1.0950938303722069e-05, 1.8707922208704986e-05, 2.2336706024361774e-05, 2.5792976884986274e-05, 3.2313400879502296e-05, 3.547763481037691e-05, 3.8473077438538894e-05, 4.419065953698009e-05, 4.721213554148562e-05, 5.0062346417689696e-05, 5.578297350439243e-05, 5.883525955141522e-05, 6.168463733047247e-05, 6.744573329342529e-05, 7.052267756080255e-05, 7.349656516453251e-05, 7.946293044369668e-05, 8.254962449427694e-05, 8.57026971061714e-05, 9.182966459775344e-05, 9.517213038634509e-05, 9.837236575549468e-05, 0.00010485751408850774, 0.00010828528320416808, 0.00011156914115417749, 0.00011799521598732099, 0.00012145806977059692, 0.00012480650912038982, 0.00013115267211105675, 0.00013456930173560977, 0.00013796788698527962, 0.00014423843822441995, 0.00014747960085514933, 0.00015066252672113478, 0.00015635906311217695, 0.00015925138723105192, 0.00016223170678131282, 0.0001675229868851602, 0.00017021186067722738, 0.00017294197459705174, 0.00017771330021787435, 0.00018008782353717834, 0.00018247512343805283], "lr": 5e-05}