{"name": "vanilla", "losses": [1.2918077454237682, 0.7496046054241298, 0.5549170605057036, 0.408716590927385, 0.2795272103279753, 0.17224667162236657, 0.09311721703547346, 0.04390438995979098, 0.0218141896440588, 0.012288607297288945, 0.007083233673949642, 0.0048993102613064795, 0.003430442085437229, 0.002514029130735018, 0.0021397374718345207], "test_losses": [0.9301613893689988, 0.7490349770346775, 0.6875886773761315, 0.6697793301147751, 0.6753570939166637, 0.7405409726160991, 0.8126146804682816, 0.8584981266456314, 0.9048468440393859, 0.971030697037902, 0.983686156287978, 1.0138448699365687, 1.052888823460929, 1.0752539385723163, 1.1051470871213116], "accuracies": [0.5548, 0.74036, 0.80996, 0.8661, 0.9139, 0.95184, 0.97994, 0.99456, 0.99838, 0.99948, 0.99992, 0.99994, 0.99998, 1.0, 1.0], "test_accuracies": [0.6738, 0.7382, 0.7623, 0.7754, 0.7787, 0.7731, 0.7724, 0.7731, 0.7725, 0.7741, 0.7729, 0.776, 0.7778, 0.7752, 0.7751], "correlations": [0.0, 7.10102995071793e-06, 1.6332052837242372e-05, 2.4427288735751063e-05, 3.768883107113652e-05, 4.403811544761993e-05, 4.9771577323554084e-05, 6.115746509749442e-05, 6.732947076670825e-05, 7.302897574845701e-05, 8.446140418527648e-05, 9.086527279578149e-05, 9.698233770905063e-05, 0.00010950669093290344, 0.00011631714733084664, 0.00012281470117159188, 0.00013510028657037765, 0.0001417722669430077, 0.0001483497762819752, 0.00016026840603444725, 0.00016618055815342814, 0.0001719950814731419, 0.0001821826008381322, 0.00018689237185753882, 0.00019169694860465825, 0.00019963733211625367, 0.00020315420988481492, 0.00020668255456257612, 0.00021290946460794657, 0.0002157569833798334, 0.00021847133757546544, 0.00022353423992171884, 0.00022581177472602576, 0.00022799686121288687, 0.0002319291525054723, 0.00023383158259093761, 0.00023589252668898553, 0.00023949597380124032, 0.00024125821073539555, 0.00024304038379341364, 0.0002463649434503168, 0.00024784443667158484, 0.0002494592627044767, 0.0002525857125874609, 0.000254313024925068, 0.00025604813708923757]}
