{"name": "vanilla", "losses": [0.8819665436244681, 0.41307368276216794, 0.1710151171364138, 0.051893526752529395, 0.03598141844701165, 0.04167706037626204, 0.05297969826771056, 0.02947116507362584, 0.027388624087109438, 0.03330297786039788, 0.030074496718678536, 0.030141290785331527, 0.027242888527376878, 0.025340720662064706, 0.02069878878990126], "test_losses": [0.6315078433555893, 0.6470339988605885, 0.760187760938572, 0.8660113762451124, 1.0529511578475372, 1.0449469353579268, 0.94756799068632, 0.9844672129124026, 1.1243238230294819, 1.3029747627958466, 1.2150633244574824, 1.1792881518979617, 1.4946556325200238, 1.2180203885971745, 1.1953486845463137], "accuracies": [0.6902, 0.85918, 0.9435, 0.98494, 0.98906, 0.9863, 0.98174, 0.98994, 0.99112, 0.98822, 0.98994, 0.98996, 0.9906, 0.99158, 0.99264], "test_accuracies": [0.7802, 0.7824, 0.7777, 0.7823, 0.7781, 0.7724, 0.7922, 0.792, 0.788, 0.761, 0.7774, 0.7905, 0.7418, 0.78, 0.787], "correlations": [0.0, 5.850042725796811e-05, 9.700816735858098e-05, 0.00013138249050825834, 0.00019398971926420927, 0.0002282525529153645, 0.00026432928279973567, 0.0003266166604589671, 0.00035822283825837076, 0.0003943722404073924, 0.0004500605573412031, 0.0004681471036747098, 0.00048822202370502055, 0.000531352183315903, 0.0005460879183374345, 0.0005664430209435523, 0.0006147419335320592, 0.0006373447831720114, 0.0006651101284660399, 0.0007116799242794514, 0.0007316541159525514, 0.0007651939522475004, 0.000818520609755069, 0.0008326034294441342, 0.0008489221218042076, 0.0008797360933385789, 0.0008949559996835887, 0.0009124901844188571, 0.0009527861839160323, 0.0009752778569236398, 0.00099572807084769, 0.0010411128168925643, 0.0010562412207946181, 0.001074044150300324, 0.001117347157560289, 0.0011302994098514318, 0.0011504677822813392, 0.0011948238825425506, 0.0012097832513973117, 0.001225856482051313, 0.001263774698600173, 0.0012777406955137849, 0.0012938622385263443, 0.0013352121459320188, 0.0013503055088222027, 0.0013627626467496157], "lr": 0.0005}