{"name": "vanilla", "losses": [1.3114586996910211, 0.761031509360389, 0.5677421268294839, 0.4186676386981974, 0.28682020580982004, 0.1759925818123171, 0.09283098093498393, 0.04412092721027791, 0.021236982008399408, 0.011793054351487847, 0.007840531030812722, 0.005244311699739007, 0.00372121316116408, 0.0028760875107796714, 0.002422108419734956], "test_losses": [0.9241043827201747, 0.7669171562677697, 0.7265393971642361, 0.6847656591783596, 0.6966324060023585, 0.7481265645238417, 0.8091052287741552, 0.8634613944759851, 0.9302807661551463, 0.9673805538612076, 0.9986030749882324, 1.0317652753636808, 1.0756140396564822, 1.1303663487675824, 1.1424285165871246], "accuracies": [0.54632, 0.73664, 0.80482, 0.85952, 0.90964, 0.95192, 0.98044, 0.9945, 0.9986, 0.99952, 0.99984, 0.9999, 0.99996, 0.99994, 1.0], "test_accuracies": [0.6727, 0.7292, 0.7485, 0.7605, 0.7708, 0.7715, 0.7735, 0.771, 0.7696, 0.7686, 0.7713, 0.7698, 0.7752, 0.7679, 0.7712], "correlations": [0.0, 7.214375727926381e-06, 1.6653197235427797e-05, 2.474317625456024e-05, 3.79080738639459e-05, 4.415340663399547e-05, 4.9900641897693276e-05, 6.131614645710215e-05, 6.745644350303337e-05, 7.309892680495977e-05, 8.448735025012866e-05, 9.105767821893096e-05, 9.7107287729159e-05, 0.00010924956586677581, 0.0001162450498668477, 0.00012272276217117906, 0.00013545619731303304, 0.00014210373046807945, 0.00014861184172332287, 0.00016056573076639324, 0.00016649678582325578, 0.00017244505579583347, 0.00018238765187561512, 0.00018707833078224212, 0.00019188120495527983, 0.00019974855240434408, 0.0002031954936683178, 0.00020668302022386342, 0.00021274223399814218, 0.00021542550530284643, 0.0002182093303417787, 0.00022318772971630096, 0.00022537137556355447, 0.0002276747254654765, 0.00023196930123958737, 0.0002340018399991095, 0.00023603573208674788, 0.00023981824051588774, 0.00024152784317266196, 0.00024347720318473876, 0.00024675315944477916, 0.00024838611716404557, 0.0002500824339222163, 0.000254056096309796, 0.0002555923711042851, 0.0002571761142462492]}