{"name": "vanilla", "losses": [1.5550483629831573, 0.9607434263619621, 0.7658315506737555, 0.643989232113904, 0.5497331490449588, 0.4650415584559331, 0.389034291896064, 0.3171041016383549, 0.2505169437669427, 0.19141236816525764, 0.13838986882849422, 0.0974647009654728, 0.06425593438965585, 0.043047765331804905, 0.027824738956130374], "test_losses": [1.1172520374949975, 0.8845773603342757, 0.8063447747049453, 0.7498933514462242, 0.7110919156406499, 0.6955297423314445, 0.6924849616575844, 0.7122338380240187, 0.7328051030635834, 0.7471861982647376, 0.787412713977355, 0.8302828646913359, 0.8730608443670635, 0.9140697015991693, 0.9502276317982734], "accuracies": [0.4695, 0.66844, 0.73686, 0.7787, 0.8138, 0.8458, 0.87288, 0.89986, 0.92566, 0.94754, 0.9678, 0.98094, 0.99066, 0.9954, 0.99808], "test_accuracies": [0.6199, 0.691, 0.7145, 0.7388, 0.752, 0.7611, 0.7659, 0.7638, 0.7626, 0.7667, 0.7657, 0.7618, 0.7629, 0.7616, 0.7611], "correlations": [0.0, 2.272944811920752e-06, 6.439022399717942e-06, 1.0767408639367204e-05, 1.8449625713401474e-05, 2.223009869339876e-05, 2.5702162020024844e-05, 3.18714119202923e-05, 3.502948675304651e-05, 3.787834430113435e-05, 4.334795812610537e-05, 4.626718146027997e-05, 4.9044527258956805e-05, 5.456550570670515e-05, 5.757225153502077e-05, 6.0283397033344954e-05, 6.589996337424964e-05, 6.891351949889213e-05, 7.1943890361581e-05, 7.775600533932447e-05, 8.094462828012183e-05, 8.398138743359596e-05, 9.011905058287084e-05, 9.340405085822567e-05, 9.657129703555256e-05, 0.00010288542398484424, 0.00010626220318954438, 0.00010969914001179859, 0.00011600012658163905, 0.00011943250137846917, 0.00012280113878659904, 0.00012923133908770978, 0.0001326701749349013, 0.00013594246411230415, 0.00014220822777133435, 0.00014537206152454019, 0.00014862552052363753, 0.00015433870430570096, 0.00015728599100839347, 0.00016031529230531305, 0.00016572537424508482, 0.00016845371283125132, 0.0001710957003524527, 0.0001759244332788512, 0.0001783509214874357, 0.00018069229554384947], "lr": 5e-05}