{"name": "vanilla", "losses": [0.8779786339653727, 0.4064086833802026, 0.17019271189370727, 0.054326389697106445, 0.034281941895346967, 0.04438858997800847, 0.05083467896022569, 0.03433383034144426, 0.02753460812924282, 0.03233797287108743, 0.030626939482810665, 0.022719723514883834, 0.03195874200677713, 0.026251413684655125, 0.02206487624119679], "test_losses": [0.796249741994882, 1.1170541055594818, 0.6673611428918718, 0.8096200657796256, 1.0204628713523285, 1.0100142586080334, 1.0816016944148872, 0.9766483699219136, 1.1613795334779764, 1.1895637104782877, 1.040459070024611, 1.375130586231811, 1.1695310254640217, 1.0876199256015728, 1.2157493633559988], "accuracies": [0.6931, 0.8604, 0.94466, 0.98454, 0.9898, 0.9857, 0.98252, 0.98844, 0.9908, 0.98984, 0.98974, 0.99212, 0.98842, 0.99058, 0.99264], "test_accuracies": [0.7179, 0.6715, 0.8013, 0.7963, 0.7853, 0.7837, 0.7797, 0.7959, 0.7654, 0.7787, 0.7974, 0.7619, 0.776, 0.8005, 0.7836], "correlations": [0.0, 5.937415699008852e-05, 9.985174256144091e-05, 0.00013352188398130238, 0.00019550605793483555, 0.00023024210531730205, 0.00026566648739390075, 0.00032806082163006067, 0.0003601443604566157, 0.00039544046740047634, 0.000449897168437019, 0.0004679826961364597, 0.0004903029184788465, 0.0005319478805176914, 0.0005468747694976628, 0.0005683345370925963, 0.0006181477219797671, 0.0006374174263328314, 0.0006644405075348914, 0.000722286116797477, 0.000748693710193038, 0.0007745412294752896, 0.0008180240984074771, 0.0008357280748896301, 0.0008564197923988104, 0.0008936322992667556, 0.0009061683667823672, 0.0009221808286383748, 0.0009638968040235341, 0.0009806156158447266, 0.0010019680485129356, 0.0010435846634209156, 0.0010626536095514894, 0.0010827898513525724, 0.0011129156919196248, 0.0011246921494603157, 0.0011413017055019736, 0.0011831875890493393, 0.001202390412800014, 0.0012255986221134663, 0.001268344814889133, 0.0012814861256629229, 0.0013000437757000327, 0.0013312065275385976, 0.0013431370025500655, 0.001359907677397132], "lr": 0.0005}