{"name": "vanilla", "losses": [0.8182848451844872, 0.3998963293593253, 0.20401279719741752, 0.11364523621985827, 0.08240959428898666, 0.07081251907283845, 0.06586087063488448, 0.04854393851898058, 0.05636995582176787, 0.04385574602657724, 0.033652851359395886, 0.049762798306506005, 0.038828538844476235, 0.029552375876328068, 0.035451620776692165], "test_losses": [0.7779096259346491, 0.6610534647597542, 0.6978323980222775, 0.8360708374765855, 0.9345190947568869, 1.1041217514231234, 1.090310984774481, 1.0873713319814657, 1.038919807989386, 0.9445961457264574, 1.0436865015874934, 1.2113490210303777, 1.0169679326347159, 1.1686348907555206, 1.0210404116896135], "accuracies": [0.70996, 0.86354, 0.9292, 0.96064, 0.97116, 0.97506, 0.97696, 0.98328, 0.97958, 0.98514, 0.9886, 0.9832, 0.98662, 0.9896, 0.98746], "test_accuracies": [0.7372, 0.7737, 0.7899, 0.7844, 0.7674, 0.7508, 0.7622, 0.772, 0.7773, 0.7978, 0.7945, 0.7688, 0.7944, 0.7748, 0.798], "correlations": [0.0, 0.000144258578075096, 0.0002371755545027554, 0.00031883863266557455, 0.00046890368685126305, 0.0005597726558335125, 0.0006531456601805985, 0.0008078955579549074, 0.0008972498471848667, 0.0009999758331105113, 0.0011524325236678123, 0.001220524893142283, 0.0013069503474980593, 0.0014655034756287932, 0.0015257328050211072, 0.0016030779806897044, 0.0017413488822057843, 0.001805354142561555, 0.0018743870314210653, 0.002027136040851474, 0.0020875264890491962, 0.0021590671967715025, 0.002277284860610962, 0.0023247916251420975, 0.002388829132542014, 0.0025003382470458746, 0.0025539533235132694, 0.00263975840061903, 0.002804065588861704, 0.0028503399807959795, 0.002895928453654051, 0.0029936605133116245, 0.0030356505885720253, 0.0030904703307896852, 0.0032327238004654646, 0.0033086445182561874, 0.0033810266759246588, 0.003529642941430211, 0.0035751748364418745, 0.003642016090452671, 0.0037256295327097178, 0.0037650526501238346, 0.003829485736787319, 0.0039621018804609776, 0.004026366863399744, 0.0040929135866463184], "lr": 0.001}