{"name": "vanilla", "losses": [1.2816707037598885, 0.7481393657072121, 0.5557979776731232, 0.40788148930463036, 0.2775687363065417, 0.17044828681613478, 0.0905438954644191, 0.04383992362300606, 0.021251812015119415, 0.011224930308035116, 0.007460446198187445, 0.00485508376911111, 0.003469243127009486, 0.002947707743713837, 0.0019360165206401053], "test_losses": [0.9319553480872625, 0.7414669285092172, 0.712363181234915, 0.7677052005936827, 0.7122309173964247, 0.7404472409169885, 0.8228620411474493, 0.8654778524290158, 0.9213270243210129, 0.9593047552470919, 1.0022314620923392, 1.0281514608407323, 1.0593092931976802, 1.098353235027458, 1.117316329026524], "accuracies": [0.55636, 0.74132, 0.81016, 0.8651, 0.91342, 0.95338, 0.98176, 0.99396, 0.99886, 0.99968, 0.99988, 0.99998, 0.99998, 0.99992, 1.0], "test_accuracies": [0.6725, 0.743, 0.7489, 0.7431, 0.7666, 0.7726, 0.7675, 0.7686, 0.7672, 0.7722, 0.7733, 0.7747, 0.7722, 0.7706, 0.7727], "correlations": [0.0, 7.071007530612405e-06, 1.625054210308008e-05, 2.4183276764233597e-05, 3.75908930436708e-05, 4.384321073302999e-05, 4.969037036062218e-05, 6.135069270385429e-05, 6.738641968695447e-05, 7.275197276612744e-05, 8.435903146164492e-05, 9.088652586797252e-05, 9.68908570939675e-05, 0.00010911412391578779, 0.00011588927009142935, 0.0001224347943207249, 0.0001350920065306127, 0.00014179234858602285, 0.00014838267816230655, 0.00016017607413232327, 0.00016622718248981982, 0.00017198744171764702, 0.0001819072786020115, 0.00018661578360479325, 0.00019123720994684845, 0.00019930895359721035, 0.00020285454229451716, 0.00020635584951378405, 0.00021226606622803956, 0.00021498311252798885, 0.0002177951391786337, 0.00022265268489718437, 0.00022499641636386514, 0.00022728010662831366, 0.00023150828201323748, 0.000233264931011945, 0.00023528981546405703, 0.00023896971833892167, 0.0002407351857982576, 0.00024253144511021674, 0.0002458931994624436, 0.0002475431247148663, 0.00024948871578089893, 0.000253013102337718, 0.0002544716408010572, 0.00025591024314053357]}