{"name": "vanilla", "losses": [0.8022770454816501, 0.39146258805871315, 0.19768270945457547, 0.114216941125367, 0.08842779804125923, 0.061682349219775334, 0.06331938711445198, 0.05105869390446779, 0.04426479829675363, 0.05552245792635071, 0.037477120044915116, 0.03745451890175705, 0.0455069286674928, 0.03647050914227191, 0.031170317615546724], "test_losses": [0.6704435525815698, 0.644972722741622, 0.8452743446525139, 0.8610096015507662, 0.7592838995064362, 0.8098412280595755, 1.0015025319932382, 1.1930102954936932, 1.613769327537923, 0.9391754277144806, 0.9660765913468373, 1.1464188951480239, 0.9118027200427237, 2.12875400464746, 0.99902278863931], "accuracies": [0.71838, 0.86532, 0.93214, 0.95988, 0.96944, 0.9787, 0.9781, 0.9818, 0.98476, 0.98132, 0.98704, 0.98712, 0.98438, 0.98784, 0.98944], "test_accuracies": [0.7691, 0.7825, 0.7566, 0.7707, 0.8044, 0.8098, 0.7827, 0.7447, 0.7183, 0.799, 0.8006, 0.771, 0.8101, 0.6635, 0.7994], "correlations": [0.0, 0.0001422778150299564, 0.0002365227264817804, 0.0003192933218088001, 0.0004674784140661359, 0.0005665721837431192, 0.000660257413983345, 0.0008074927609413862, 0.0009005116880871356, 0.0009986135410144925, 0.0011512282071635127, 0.0012219042982906103, 0.0013110889121890068, 0.0014596153050661087, 0.001526343752630055, 0.0016041116323322058, 0.001746965805068612, 0.0017944922437891364, 0.0018617792520672083, 0.002002919791266322, 0.002063404070213437, 0.0021284206304699183, 0.0022512886207550764, 0.0023068529553711414, 0.0023626028560101986, 0.0024994302075356245, 0.002542394446209073, 0.002605461049824953, 0.0027433293871581554, 0.0028109936974942684, 0.0028931854758411646, 0.003018997609615326, 0.003070017322897911, 0.0031172435265034437, 0.0032073932234197855, 0.0032584734726697206, 0.0033188615925610065, 0.0034731535706669092, 0.003542843274772167, 0.0036122906021773815, 0.0037398370914161205, 0.003786503104493022, 0.0038606298621743917, 0.003976916428655386, 0.004019271582365036, 0.004087724257260561], "lr": 0.001}