{"name": "vanilla", "losses": [1.2911974084956566, 0.752973004527714, 0.5564790441252082, 0.4056359318744801, 0.27675109735840114, 0.16660059233913033, 0.08482558177331524, 0.039042960266437374, 0.0191276359843457, 0.010794880471247085, 0.006876785549289926, 0.00479405186236705, 0.0037027111103105576, 0.0031566230444442433, 0.0031157918969619437], "test_losses": [0.9109021153631089, 0.7694341562971284, 0.680441590804088, 0.6647812607167642, 0.6896874863135664, 0.7824777459041982, 0.804408296376844, 0.9027403129052513, 0.9243833735773835, 0.9523952652381945, 1.0144679870786546, 1.0609380851818035, 1.0656382483017595, 1.095371802396412, 1.13522664655613], "accuracies": [0.55388, 0.7393, 0.81074, 0.8657, 0.91376, 0.9551, 0.98324, 0.99594, 0.99914, 0.99972, 0.99988, 0.99992, 0.99994, 0.99984, 0.99986], "test_accuracies": [0.6804, 0.7314, 0.7644, 0.7747, 0.7724, 0.7627, 0.7722, 0.7713, 0.7686, 0.7732, 0.7712, 0.7705, 0.7722, 0.7738, 0.7721], "correlations": [0.0, 7.116649612726178e-06, 1.6281022908515297e-05, 2.3919616069179028e-05, 3.710652163135819e-05, 4.320415609981865e-05, 4.8900212277658284e-05, 6.0219626902835444e-05, 6.610035779885948e-05, 7.207925227703527e-05, 8.358709601452574e-05, 9.008054621517658e-05, 9.609414701117203e-05, 0.00010893556463997811, 0.0001156839425675571, 0.00012194347800686955, 0.00013467461394611746, 0.0001413512509316206, 0.00014797197945881635, 0.0001600767718628049, 0.00016578342183493078, 0.00017161200230475515, 0.000181638213689439, 0.00018614160944707692, 0.00019069990958087146, 0.00019836274441331625, 0.00020169241179246455, 0.00020504863641690463, 0.00021087078494019806, 0.0002134903916157782, 0.00021608964016195387, 0.00022080197231844068, 0.00022298278054222465, 0.00022526476823259145, 0.0002292076387675479, 0.00023129019245970994, 0.00023312240955419838, 0.00023691605019848794, 0.00023869337746873498, 0.00024052600201684982, 0.0002440145326545462, 0.00024587413645349443, 0.00024756157654337585, 0.0002516688546165824, 0.0002537258842494339, 0.00025573300081305206]}