{"name": "noise", "losses": [1.5562689639723208, 0.9569433337587225, 0.7634645977898327, 0.6425107255616151, 0.5458637975975681, 0.46386993281981526, 0.3882826143670875, 0.31793727826736773, 0.2522390883635072, 0.19269009523303307, 0.14244238026154316, 0.09934785774411142, 0.0674900894417711, 0.044076511274327705, 0.028710620458740406], "test_losses": [1.1172539191909983, 0.8841992080966129, 0.7871773725823511, 0.7346453817584847, 0.7022640444809878, 0.6953418111499352, 0.6853466384773013, 0.6954134483880634, 0.7086538061310973, 0.7368645909466321, 0.7750922747050659, 0.8100692026222809, 0.8525568212889418, 0.8874826619896707, 0.9296927082387707], "accuracies": [0.4652, 0.671, 0.73692, 0.77938, 0.81276, 0.84442, 0.87278, 0.90072, 0.92488, 0.94734, 0.96556, 0.98068, 0.9898, 0.99532, 0.99822], "test_accuracies": [0.6165, 0.6908, 0.7276, 0.7463, 0.7571, 0.7636, 0.7702, 0.7709, 0.7721, 0.7729, 0.7716, 0.7709, 0.7726, 0.7704, 0.7699], "correlations": [0.0, 2.4673247480677674e-06, 7.145375548134325e-06, 1.1855028787977062e-05, 2.0165378373349085e-05, 2.421321732981596e-05, 2.7856618544319645e-05, 3.475135235930793e-05, 3.803497747867368e-05, 4.1016872273758054e-05, 4.722021549241617e-05, 5.034787318436429e-05, 5.323297591530718e-05, 5.8987287047784775e-05, 6.221928197192028e-05, 6.524899072246626e-05, 7.134074985515326e-05, 7.457114406861365e-05, 7.763486064504832e-05, 8.376620098715648e-05, 8.713362331036478e-05, 9.027202031575143e-05, 9.655591566115618e-05, 0.00010010074765887111, 0.00010343792382627726, 0.00011010390153387561, 0.00011364169040462002, 0.00011703240306815132, 0.00012385688023641706, 0.00012742819671984762, 0.00013088909327052534, 0.00013761332957074046, 0.00014119912520982325, 0.0001447462273063138, 0.00015135084686335176, 0.00015476782573387027, 0.00015808752505108714, 0.00016425603826064616, 0.00016739906277507544, 0.00017054795171134174, 0.00017637018754612654, 0.00017909397138282657, 0.00018195460143033415, 0.0001870964770205319, 0.00018959892622660846, 0.00019220021204091609], "lr": 5e-05}