{"name": "noise", "losses": [1.276661568285559, 0.7435328977187271, 0.5563074066815779, 0.41039754206414725, 0.28378694281553674, 0.17743488029598276, 0.0971470991402026, 0.04632436511728465, 0.023439348031006887, 0.012680865576505052, 0.0081184782037783, 0.0053704157266218, 0.0038239959073002876, 0.002804965344870992, 0.002088907734661237], "test_losses": [0.9023567249503317, 0.8220112172863151, 0.7007765754868712, 0.6904534301425838, 0.7266459819636767, 0.7452218132682994, 0.8056895529167561, 0.890899205886865, 0.940884210640871, 0.989062024822718, 1.0303544115416612, 1.0623491542248786, 1.1061888382404665, 1.1268942665450181, 1.2716567244710801], "accuracies": [0.5656, 0.74316, 0.8099, 0.86368, 0.91106, 0.95094, 0.9787, 0.99372, 0.9984, 0.99946, 0.99978, 0.9999, 0.9999, 0.99996, 0.99998], "test_accuracies": [0.6851, 0.7135, 0.7595, 0.7689, 0.7659, 0.7764, 0.7751, 0.7711, 0.7737, 0.774, 0.7704, 0.7734, 0.7709, 0.7747, 0.755], "correlations": [0.0, 7.177377938205609e-06, 1.631331724638585e-05, 2.441532888042275e-05, 3.7808549677720293e-05, 4.417736636241898e-05, 4.9959737225435674e-05, 6.147706153569743e-05, 6.756422226317227e-05, 7.31964100850746e-05, 8.516597154084593e-05, 9.197674080496654e-05, 9.800764382816851e-05, 0.00011041641846532002, 0.00011746597738238052, 0.00012416062236297876, 0.00013693807704839855, 0.00014387883129529655, 0.00015042386075947434, 0.00016251587658189237, 0.00016875511209946126, 0.00017477889196015894, 0.00018529022054281086, 0.00019024507491849363, 0.00019514260930009186, 0.00020343353389762342, 0.00020734903228003532, 0.00021108027431182563, 0.00021739155636169016, 0.00022025716316420585, 0.0002231566613772884, 0.00022844711202196777, 0.0002308446419192478, 0.0002332912408746779, 0.00023761081683915108, 0.00023973928182385862, 0.00024199286417569965, 0.0002456583024468273, 0.00024741250672377646, 0.00024959127767942846, 0.0002529076882638037, 0.0002547495241742581, 0.00025632220786064863, 0.00025959551567211747, 0.00026116016670130193, 0.00026270915986970067]}