{"name": "noise", "losses": [0.8707669250800482, 0.4033594466078922, 0.16260278430741157, 0.05206719396250022, 0.031490190953845185, 0.037946730307863115, 0.04881928966540243, 0.03737843296755, 0.022794651806645114, 0.019066382564775185, 0.0320063489956705, 0.03617201289316863, 0.022713097707366053, 0.018904760556668877, 0.0204949872980616], "test_losses": [0.6582786953901942, 0.6017490700830387, 0.7525586508497407, 0.8721297198458563, 0.9743704173383834, 0.9712111738663686, 1.1260832517961912, 1.0318395842479755, 1.1050020909007592, 1.2946324220186547, 1.2554694972460783, 1.0197399552864364, 1.1053736285318303, 1.2963223336618157, 1.051586543834662], "accuracies": [0.69538, 0.86236, 0.9478, 0.98546, 0.99058, 0.9873, 0.98342, 0.98724, 0.9927, 0.99366, 0.98916, 0.98738, 0.9919, 0.99322, 0.99324], "test_accuracies": [0.7713, 0.8004, 0.7845, 0.7858, 0.7847, 0.7895, 0.7775, 0.7959, 0.7838, 0.7623, 0.7697, 0.8025, 0.7893, 0.7696, 0.8061], "correlations": [0.0, 6.0994181694695726e-05, 0.00010184213169850409, 0.0001368371886201203, 0.0002011265023611486, 0.00023697000870015472, 0.00027352507458999753, 0.0003366282326169312, 0.00036781723611056805, 0.000405150989536196, 0.00046253783511929214, 0.0004821428738068789, 0.0005041671684011817, 0.0005463087582029402, 0.0005609173094853759, 0.0005811972077935934, 0.0006259536603465676, 0.0006490336381830275, 0.0006757929222658277, 0.0007347080390900373, 0.0007618488743901253, 0.0007898366893641651, 0.0008377186022698879, 0.0008601495064795017, 0.0008790562278591096, 0.0009145414805971086, 0.0009289687732234597, 0.0009442080045118928, 0.0009708733414299786, 0.0009842469589784741, 0.000998218427412212, 0.0010325474431738257, 0.0010491127613931894, 0.0010812479304149747, 0.0011347975814715028, 0.001158989849500358, 0.001184486667625606, 0.0012248700950294733, 0.0012365402653813362, 0.0012529854429885745, 0.001281784032471478, 0.0012940807500854135, 0.001309734769165516, 0.0013440281618386507, 0.0013551028678193688, 0.0013712061336264014], "lr": 0.0005}