{"name": "noise", "losses": [1.270028224229203, 0.7416973479111176, 0.5511913368921451, 0.40730356849977734, 0.28221897540799795, 0.17481494108048243, 0.09522665998495905, 0.04677359738846874, 0.023293725126768316, 0.012724904217245177, 0.007933304790416948, 0.005092714763725238, 0.00403834832623801, 0.0030602855288395015, 0.002420559373197129], "test_losses": [0.9136670578884173, 0.7445936259589617, 0.7055508671682093, 0.6806512271301656, 0.6830137983153138, 0.7285997607285464, 0.7895027915888195, 0.8687035501757755, 0.8945007916492752, 0.9528253380256363, 0.9837651524362685, 1.0212122624433493, 1.0516720897034755, 1.0814808267581313, 1.105475578127028], "accuracies": [0.566, 0.74244, 0.81128, 0.86572, 0.9115, 0.95162, 0.9797, 0.99374, 0.99828, 0.99954, 0.99986, 0.99992, 0.99988, 0.99992, 0.99996], "test_accuracies": [0.6767, 0.7399, 0.753, 0.7689, 0.7789, 0.7838, 0.7784, 0.7742, 0.7818, 0.78, 0.7804, 0.7794, 0.7774, 0.78, 0.7801], "correlations": [0.0, 7.320915301534114e-06, 1.6783767932793126e-05, 2.506959754100535e-05, 3.863192250719294e-05, 4.4878437620354816e-05, 5.0999773520743474e-05, 6.282992399064824e-05, 6.92952235112898e-05, 7.504868699470535e-05, 8.703587809577584e-05, 9.38779630814679e-05, 9.9947203125339e-05, 0.0001129157972172834, 0.00011999953130725771, 0.00012681602675002068, 0.00013951232540421188, 0.0001465828827349469, 0.00015327610890381038, 0.00016548421990592033, 0.00017167658370453864, 0.00017785519594326615, 0.00018843474390450865, 0.00019357791461516172, 0.00019852480909321457, 0.0002069897309411317, 0.0002108154003508389, 0.00021465016470756382, 0.0002212597319157794, 0.0002242031623609364, 0.00022725043527316302, 0.00023257231805473566, 0.00023500772658735514, 0.00023763604986015707, 0.0002420988748781383, 0.00024407969613093883, 0.00024611211847513914, 0.0002500745467841625, 0.00025201780954375863, 0.0002541456778999418, 0.0002575790567789227, 0.0002593944955151528, 0.0002612846146803349, 0.00026513615739531815, 0.0002668302913662046, 0.0002688008826225996]}