{"name": "noise", "losses": [1.2931030779848318, 0.7533673666932089, 0.5562081888051289, 0.40906596153288544, 0.28238614412296154, 0.1724366617324712, 0.09307490910410576, 0.044903171646511156, 0.022718433750426526, 0.012863682007745784, 0.00748953990616819, 0.005220911720448443, 0.0038642192910284833, 0.002898550043930597, 0.0025212613934510486], "test_losses": [0.9070071276230148, 0.7454400088968156, 0.7027997068966492, 0.6831019064293632, 0.700743051646631, 0.7541275382796421, 0.8234474787229225, 0.8667327640931818, 0.9209234088282042, 0.9703993457782117, 0.998138847230356, 1.0298581130896942, 1.0687448035312603, 1.1075260556196864, 1.163720264464994], "accuracies": [0.55192, 0.73776, 0.81038, 0.86476, 0.91132, 0.9527, 0.98078, 0.99492, 0.99874, 0.99958, 0.99994, 0.99994, 0.99998, 0.99992, 0.9999], "test_accuracies": [0.6785, 0.74, 0.7598, 0.7696, 0.7767, 0.7749, 0.7702, 0.7772, 0.7762, 0.7754, 0.7769, 0.776, 0.7754, 0.774, 0.7727], "correlations": [0.0, 7.181927685451228e-06, 1.6692123608663678e-05, 2.5213483240804635e-05, 3.918251604773104e-05, 4.57375863334164e-05, 5.175383557798341e-05, 6.365954322973266e-05, 7.039970660116524e-05, 7.632649067090824e-05, 8.877801155904308e-05, 9.572340059094131e-05, 0.00010153731273021549, 0.00011462895054137334, 0.00012190916459076107, 0.00012853043153882027, 0.00014189461944624782, 0.000149045285070315, 0.00015562803309876472, 0.00016789256187621504, 0.00017419259529560804, 0.0001803192135412246, 0.00019098226039204746, 0.00019601888197939843, 0.00020086666336283088, 0.00020954283536411822, 0.00021347959409467876, 0.00021734654728788882, 0.00022399907174985856, 0.0002270033146487549, 0.0002300846390426159, 0.00023535513901151717, 0.00023776113812346011, 0.00024013333313632756, 0.00024470718926750124, 0.0002468177117407322, 0.0002489332400728017, 0.00025303594884462655, 0.0002548572956584394, 0.00025680006365291774, 0.00026068754959851503, 0.0002624481567181647, 0.0002643296611495316, 0.0002679095487110317, 0.0002695047005545348, 0.000271491939201951]}