{"name": "noise", "losses": [1.2870160094307512, 0.7403867368198112, 0.5489134007250257, 0.40218343206531254, 0.278141267959724, 0.17089869966135002, 0.0929006841462439, 0.04603235963303262, 0.022423397594838954, 0.011891475463014506, 0.007325977842678385, 0.005278054870429265, 0.0037659804748795224, 0.002739017461593289, 0.0019603998470536965], "test_losses": [0.8867755502085143, 0.7428305948836894, 0.6730733347844474, 0.6595437470116193, 0.6810098811040951, 0.7389308674426018, 0.7953779320173626, 0.8568649661691883, 0.9154448196103301, 0.9485107086881807, 0.9929964957357962, 1.0390779398664642, 1.0487798105312298, 1.0882393664951566, 1.1082780361175537], "accuracies": [0.5561, 0.7434, 0.81256, 0.86544, 0.91304, 0.95376, 0.98022, 0.9934, 0.99838, 0.99956, 0.99996, 0.99988, 0.99994, 0.99998, 1.0], "test_accuracies": [0.6964, 0.7435, 0.77, 0.7802, 0.7835, 0.7818, 0.7816, 0.7814, 0.7792, 0.7818, 0.7801, 0.7787, 0.7806, 0.7814, 0.7831], "correlations": [0.0, 7.783484761603177e-06, 1.767603498592507e-05, 2.60185515799094e-05, 3.985188959632069e-05, 4.646296292776242e-05, 5.23268936376553e-05, 6.408085027942434e-05, 7.048859697533771e-05, 7.602217374369502e-05, 8.823938696878031e-05, 9.460245200898498e-05, 0.00010087683767778799, 0.00011365846148692071, 0.00012067540956195444, 0.00012722093379125, 0.00013973577006254345, 0.00014661296154372394, 0.0001532831956865266, 0.00016533612506464124, 0.0001714809623081237, 0.0001775313139660284, 0.00018806933076120913, 0.00019293134391773492, 0.00019792690000031143, 0.0002062495332211256, 0.00020987774769309908, 0.0002136781986337155, 0.00021997001022100449, 0.00022282010468188673, 0.00022563744278158993, 0.0002308275579707697, 0.00023310526739805937, 0.00023547215096186846, 0.00023974601936060935, 0.000241754503804259, 0.00024392858904320747, 0.00024779734667390585, 0.0002495574008207768, 0.0002515423984732479, 0.00025501326308585703, 0.0002566804178059101, 0.0002585073234513402, 0.00026181741850450635, 0.00026328975218348205, 0.00026491587050259113]}