{"name": "noise", "losses": [0.87169182239591, 0.39755816929175725, 0.15957107861785938, 0.05253218859910508, 0.028080247329486073, 0.03691197205525454, 0.04286191546503464, 0.03956550115700382, 0.03417299301964957, 0.023716883200620924, 0.020376860663709244, 0.02479617830867286, 0.03055127144879316, 0.020972812536221398, 0.020186764472747778], "test_losses": [0.6447121448154691, 0.6612059545667865, 1.141864750204207, 0.8489428128622756, 1.058224930038935, 1.2378782509248467, 1.1018714040895052, 1.0291258172143865, 1.041123334365555, 0.9915418602243254, 1.0712097324902499, 1.094274796262572, 1.5779253478291668, 1.2715173122249073, 1.1540916607349734], "accuracies": [0.6953, 0.86438, 0.9485, 0.9849, 0.9921, 0.9879, 0.9841, 0.98702, 0.98784, 0.99186, 0.9931, 0.99142, 0.98966, 0.99278, 0.99308], "test_accuracies": [0.78, 0.7822, 0.7055, 0.7927, 0.7644, 0.7472, 0.7729, 0.7878, 0.7883, 0.8067, 0.802, 0.7976, 0.7377, 0.7825, 0.7956], "correlations": [0.0, 6.116642180131748e-05, 0.00010237338574370369, 0.0001384756324114278, 0.00020464890985749662, 0.00024067728372756392, 0.00027699777274392545, 0.0003415646788198501, 0.0003743734851013869, 0.0004106233536731452, 0.00046773150097578764, 0.0004856895247939974, 0.0005085614393465221, 0.0005506172892637551, 0.0005643253098241985, 0.000580338470172137, 0.0006266367272473872, 0.0006494381814263761, 0.0006729942397214472, 0.0007302134181372821, 0.0007569428998976946, 0.0007836190052330494, 0.0008347975090146065, 0.0008538346737623215, 0.0008758684853091836, 0.0009216281468980014, 0.0009378684335388243, 0.0009618515614420176, 0.0010015772422775626, 0.0010155137861147523, 0.001032130909152329, 0.0010586204007267952, 0.0010721673024818301, 0.0010907358955591917, 0.0011245495406910777, 0.0011428081197664142, 0.0011642342433333397, 0.0012053847312927246, 0.0012288402067497373, 0.0012523459736257792, 0.0012941285967826843, 0.0013089748099446297, 0.0013227910967543721, 0.0013533689780160785, 0.0013668177416548133, 0.0013840997125953436], "lr": 0.0005}