{"name": "noise", "losses": [1.5350092285124541, 0.9576670451237418, 0.7663481508374519, 0.6466212152977429, 0.5480751313669298, 0.4659120970217468, 0.3897376349743675, 0.3223715332310523, 0.2557366918343717, 0.19728950186230032, 0.14771126384091804, 0.10373688029015765, 0.07212537744313555, 0.04728733554310963, 0.030993195076751738], "test_losses": [1.1077980014342297, 0.8843742171420327, 0.7987194951576523, 0.7371661934671523, 0.72009803260429, 0.6841160745560368, 0.6890131880210925, 0.6900530253784566, 0.7080594463438927, 0.73499575559097, 0.7654921329474147, 0.8191789245303673, 0.853123571676544, 0.9058325856546813, 0.9292394205739226], "accuracies": [0.4756, 0.6691, 0.7353, 0.7772, 0.8131, 0.84276, 0.87206, 0.89794, 0.92364, 0.94474, 0.96308, 0.97764, 0.9879, 0.9943, 0.99768], "test_accuracies": [0.6175, 0.6885, 0.7151, 0.7411, 0.7511, 0.767, 0.769, 0.7723, 0.7742, 0.7736, 0.7742, 0.7686, 0.77, 0.7664, 0.7708], "correlations": [0.0, 2.3514753593190107e-06, 6.8364315666258335e-06, 1.1565929526113905e-05, 1.9787064957199618e-05, 2.3688948203925975e-05, 2.7309750294080004e-05, 3.4004671761067584e-05, 3.722600740729831e-05, 4.0371094655711204e-05, 4.623383210855536e-05, 4.93975130666513e-05, 5.248095840215683e-05, 5.836125637870282e-05, 6.16265315329656e-05, 6.463037425419316e-05, 7.053200533846393e-05, 7.3735456680879e-05, 7.680460112169385e-05, 8.299182809423655e-05, 8.63332679728046e-05, 8.92917305463925e-05, 9.571504051564261e-05, 9.924090409185737e-05, 0.0001024553130264394, 0.00010885647498071194, 0.00011229496158193797, 0.00011587576591409743, 0.00012251152656972408, 0.00012608950783032924, 0.00012956332648172975, 0.00013611104805022478, 0.00013959848729427904, 0.00014312179700937122, 0.0001497118646511808, 0.0001530211593490094, 0.000156324720592238, 0.00016254562069661915, 0.0001656964304856956, 0.00016882267664186656, 0.00017464833217673004, 0.00017758308968041092, 0.00018031863146461546, 0.0001855227310443297, 0.0001880424388218671, 0.000190587219549343], "lr": 5e-05}