{"name": "noise", "losses": [0.8007937707864415, 0.37759333624101965, 0.19032571407611412, 0.09739723824479087, 0.0786527979456822, 0.06752929235201167, 0.05863346957513477, 0.047699764590053, 0.04836936986974209, 0.04875977056117638, 0.04076922709501022, 0.02540072669421592, 0.04514093787880981, 0.03759547200112287, 0.03263065163784511], "test_losses": [0.7854144467583185, 0.5935014580624013, 0.6988352390029763, 1.0417273587818388, 0.9016168351414837, 1.0378264460382582, 0.9016707516923735, 0.921160788098468, 0.8817124246041986, 0.8322456822365145, 0.937019171971309, 0.9384156254273427, 1.1294156388391423, 1.3244816442079181, 1.1216892683053319], "accuracies": [0.71782, 0.86954, 0.93372, 0.96686, 0.9721, 0.977, 0.97946, 0.9842, 0.98332, 0.98324, 0.98552, 0.99142, 0.9843, 0.98666, 0.98892], "test_accuracies": [0.7331, 0.8039, 0.7992, 0.7558, 0.7882, 0.7738, 0.7912, 0.799, 0.8102, 0.8162, 0.8039, 0.807, 0.7742, 0.7593, 0.7841], "correlations": [0.0, 0.00014885935524944216, 0.00024421318084932864, 0.00033612101105973125, 0.0004957043565809727, 0.0005892582121305168, 0.0006843112641945481, 0.0008439066004939377, 0.0009360736003145576, 0.001038351678289473, 0.0011923180427402258, 0.0012535367859527469, 0.001338754198513925, 0.0015075821429491043, 0.0015739534283056855, 0.0016437438316643238, 0.0017969364998862147, 0.0018549039959907532, 0.0019337673438712955, 0.0020643919706344604, 0.0021287796553224325, 0.0022017776500433683, 0.0023333937861025333, 0.0023823846131563187, 0.0024364914279431105, 0.0025612134486436844, 0.0026155582163482904, 0.0026848011184483767, 0.0028018257580697536, 0.002861087443307042, 0.002947073196992278, 0.0030637397430837154, 0.0031059964094311, 0.003177373670041561, 0.0032944404520094395, 0.0033291226718574762, 0.003375516040250659, 0.003485823515802622, 0.0035600943956524134, 0.0036675934679806232, 0.0038220013957470655, 0.003890414023771882, 0.003949818667024374, 0.00407089339569211, 0.004127390217036009, 0.004179202951490879], "lr": 0.001}