{"name": "noise", "losses": [0.8018530777958043, 0.3826798540551949, 0.18341157040403933, 0.10607833672038582, 0.08003045168831525, 0.059223610670794076, 0.06337545175924707, 0.04462664778156163, 0.04411109715409558, 0.04778650137262366, 0.0395571632171407, 0.03843088507684438, 0.039926662357509746, 0.040277852455887685, 0.025944019488119724], "test_losses": [0.6551093719428098, 0.722546792483028, 0.7192995982079566, 1.3397495897510383, 0.7985283102415786, 1.0244897207881831, 1.012628948763956, 0.8674409099017517, 1.0268351480930666, 1.0346512734135496, 0.9557410727573347, 0.9678866923609867, 0.9637694479543951, 1.0133050148245655, 0.939695357521878], "accuracies": [0.7181, 0.86642, 0.93764, 0.96308, 0.97262, 0.97982, 0.978, 0.98472, 0.98484, 0.98396, 0.9868, 0.98678, 0.98602, 0.98584, 0.99146], "test_accuracies": [0.7744, 0.7596, 0.789, 0.7149, 0.7979, 0.7545, 0.7794, 0.8182, 0.7941, 0.7974, 0.7977, 0.8072, 0.8078, 0.7857, 0.814], "correlations": [0.0, 0.0001498171768616885, 0.00024448148906230927, 0.00032948661828413606, 0.00048400499508716166, 0.0005799018545076251, 0.0006758092204108834, 0.0008330662385560572, 0.0009227688424289227, 0.0010287957265973091, 0.0011896784417331219, 0.0012600556947290897, 0.0013580075465142727, 0.0015000470448285341, 0.0015622017672285438, 0.0016459013568237424, 0.001790407346561551, 0.0018457158003002405, 0.0019011712865903974, 0.00204095640219748, 0.0021074889227747917, 0.002172426087781787, 0.00231274520047009, 0.0023608943447470665, 0.002412763424217701, 0.0025373189710080624, 0.0025975278113037348, 0.002663122024387121, 0.0027849473990499973, 0.0028404302429407835, 0.0029214411042630672, 0.0030541466549038887, 0.003101772628724575, 0.003156689926981926, 0.00328070274554193, 0.0033331464510411024, 0.0034028885420411825, 0.0035311782266944647, 0.003590646432712674, 0.003662385977804661, 0.003809240646660328, 0.003864527214318514, 0.003921657335013151, 0.004037645645439625, 0.004072040319442749, 0.004112998489290476], "lr": 0.001}