{"name": "noise", "losses": [1.2791547484105201, 0.747760237635249, 0.558379696153314, 0.4109585046615747, 0.2845082527307598, 0.17696931258872953, 0.09691106768139184, 0.047832961968334434, 0.022830522788302672, 0.012778740492947114, 0.007942894515950623, 0.005058378552246239, 0.0037608587146138826, 0.002798336428825927, 0.0020715990490839838], "test_losses": [0.9046070447450951, 0.7435606269142295, 0.6902033350890195, 0.6716979885403114, 0.6833058022245576, 0.7395486133762553, 0.8049460856974879, 0.8600578719302069, 0.9224110381512702, 0.9744825929026061, 1.0099230823637564, 1.0587298379668706, 1.0912353373781036, 1.1062237529814998, 1.1341723369646677], "accuracies": [0.55942, 0.73984, 0.80688, 0.8625, 0.91098, 0.95162, 0.97894, 0.99314, 0.99856, 0.99966, 0.99992, 0.99998, 0.99998, 0.99998, 1.0], "test_accuracies": [0.6851, 0.7378, 0.7636, 0.7739, 0.7794, 0.7768, 0.7778, 0.7774, 0.7762, 0.7759, 0.7763, 0.7737, 0.7778, 0.7786, 0.7762], "correlations": [0.0, 7.4864424277620856e-06, 1.7361620848532766e-05, 2.5523349904688075e-05, 3.884639227180742e-05, 4.5368240535026416e-05, 5.1346236432436854e-05, 6.345307338051498e-05, 6.990435940679163e-05, 7.568788714706898e-05, 8.770130079938099e-05, 9.444894385524094e-05, 0.0001008894105325453, 0.0001137989092967473, 0.00012088222138117999, 0.00012757278454955667, 0.00014018236834090203, 0.00014722858031746, 0.0001539826625958085, 0.0001663464936427772, 0.00017242468311451375, 0.00017834772006608546, 0.00018886585894506425, 0.0001939060603035614, 0.00019888475071638823, 0.00020727408991660923, 0.00021101112361066043, 0.0002147115592379123, 0.00022125995019450784, 0.00022427437943406403, 0.00022730436467099935, 0.0002327001275261864, 0.0002351706352783367, 0.00023763369244989008, 0.0002420219243504107, 0.0002441596006974578, 0.00024626689264550805, 0.000250209093792364, 0.0002519800909794867, 0.0002539636625442654, 0.0002578465500846505, 0.00025959123740904033, 0.00026135388179682195, 0.00026469730073586106, 0.00026630028150975704, 0.000268092640908435]}