{"name": "swa", "losses": [0.85814643500711, 0.41566061287584816, 0.1901332718484542, 0.07616741369333109, 0.0545652562447483, 0.05115516022648043, 0.04251575852146425, 0.040426533491186356, 0.031722773041557094, 0.0338627209992903, 0.03906502833356485, 0.026761100455985197, 0.02427492488194686, 0.023054171815964742, 0.036115868028689206], "test_losses": [0.8425564682936366, 0.7318104482904265, 0.6730951044378402, 0.8627601296086854, 0.984600608861899, 0.9626723527908325, 0.8925093004975138, 0.9437041712712638, 1.1670569422878796, 1.0608846077436134, 1.0856999211673495, 1.0986098492447334, 1.040268076371543, 1.2283896984933298, 0.9697015632556963], "accuracies": [0.70134, 0.85772, 0.9371, 0.97536, 0.982, 0.98266, 0.98534, 0.98582, 0.98888, 0.98824, 0.98628, 0.99092, 0.99122, 0.9924, 0.98728], "test_accuracies": [0.7085, 0.7582, 0.7966, 0.7806, 0.7765, 0.7847, 0.8058, 0.8053, 0.7705, 0.7859, 0.7859, 0.7854, 0.7987, 0.7761, 0.8062], "correlations": [0.0, 5.401435919338837e-05, 8.770452404860407e-05, 0.00011809178249677643, 0.00017444237892050296, 0.00020571216009557247, 0.00023645134933758527, 0.00029240926960483193, 0.00032183725852519274, 0.00035448011476546526, 0.00040669285226613283, 0.0004273807571735233, 0.0004495341854635626, 0.0004948815912939608, 0.0005122661823406816, 0.000531984434928745, 0.0005787781556136906, 0.0005993659142404795, 0.0006204012897796929, 0.0006668734131380916, 0.0006841457216069102, 0.0007025001104921103, 0.0007376116700470448, 0.0007577615324407816, 0.000776812550611794, 0.0008124345331452787, 0.000825879571493715, 0.0008439459488727152, 0.000876510632224381, 0.0008918484090827405, 0.0009137897286564112, 0.0009564843494445086, 0.0009729938465170562, 0.00099477032199502, 0.00103191623929888, 0.001043804339133203, 0.001059085363522172, 0.0010894990991801023, 0.001102949376218021, 0.0011216577840968966, 0.0011448804289102554, 0.0011576847173273563, 0.0011738785542547703, 0.0012206976534798741, 0.0012421048013493419, 0.0012634370941668749], "lr": 0.0005}