{"name": "swa", "losses": [1.2376284376739541, 0.7088166681092108, 0.5201587343917173, 0.37717852373714644, 0.2506995995712402, 0.1477958391827848, 0.07426805081574814, 0.03471858289969318, 0.017333967393249883, 0.009458177048913049, 0.006080702385481666, 0.004672950100036971, 0.003176472278114151, 0.002337331105174873, 0.001725721382297804], "test_losses": [0.9912799355349963, 0.7308918547026718, 0.6612036462071575, 0.6832143977473054, 0.6712893602214282, 0.7229603989214837, 0.7953110118455524, 0.8628080751322493, 0.9336069852490968, 0.9369846084449864, 0.9839831945262377, 1.0082263207133813, 1.0261267038840283, 1.0527480463438397, 1.0954048218606394], "accuracies": [0.57398, 0.75544, 0.82382, 0.8759, 0.92414, 0.96058, 0.9855, 0.99596, 0.99872, 0.9998, 0.99988, 0.9998, 0.99996, 0.99998, 0.99998], "test_accuracies": [0.6541, 0.7487, 0.7704, 0.7703, 0.7801, 0.7791, 0.7773, 0.7737, 0.7677, 0.7843, 0.7792, 0.78, 0.7817, 0.7789, 0.7795], "correlations": [0.0, 7.55545215724851e-06, 1.645278825890273e-05, 2.3497084839618765e-05, 3.480958184809424e-05, 4.0173814340960234e-05, 4.521575465332717e-05, 5.544923260458745e-05, 6.081380706746131e-05, 6.605275848414749e-05, 7.674586959183216e-05, 8.246031211456284e-05, 8.786965918261558e-05, 9.868088091025129e-05, 0.00010487938561709598, 0.00011054713831981644, 0.00012165284715592861, 0.0001275531540159136, 0.00013324084284249693, 0.00014299710164777935, 0.00014797350740991533, 0.00015272636665031314, 0.00016080714704003185, 0.00016462354687973857, 0.000168271129950881, 0.0001748451468301937, 0.0001776355056790635, 0.00018054331303574145, 0.00018546782666817307, 0.0001876171590993181, 0.00018972578982356936, 0.0001935153268277645, 0.0001953847531694919, 0.00019724750018212944, 0.0002005273272516206, 0.00020214077085256577, 0.00020392842998262495, 0.00020713306730613112, 0.00020844879327341914, 0.00020998613035771996, 0.00021272960293572396, 0.00021408224711194634, 0.0002154749381588772, 0.00021807869779877365, 0.00021921641018707305, 0.00022051010455470532]}