{"name": "swa", "losses": [0.8545594059140481, 0.41567011322359293, 0.1948463034142009, 0.07910772221510673, 0.04821282881967095, 0.05130566070404123, 0.04457258580662215, 0.04199852994369233, 0.039170968008663536, 0.02734736007604929, 0.025945981728660937, 0.033271236993643975, 0.03316451238392069, 0.027750863089247624, 0.020560862935360167], "test_losses": [0.7133800824986228, 0.6342372494407847, 0.8913799754426449, 0.8287712309179427, 1.1356988941566855, 0.9326166495492186, 1.0131469093546082, 1.0820510538318489, 0.9412544147123264, 1.1252117432370972, 1.2130924825426899, 1.0045131309122979, 1.113741163966022, 1.2512956503071362, 1.0859267568286461], "accuracies": [0.7014, 0.85736, 0.93388, 0.9741, 0.985, 0.98204, 0.98428, 0.9855, 0.9863, 0.991, 0.9915, 0.98832, 0.98866, 0.99094, 0.99296], "test_accuracies": [0.7516, 0.7808, 0.7429, 0.7894, 0.755, 0.7861, 0.7858, 0.7801, 0.8042, 0.7818, 0.7685, 0.7999, 0.7863, 0.7666, 0.7975], "correlations": [0.0, 5.391868398874067e-05, 8.852939936332405e-05, 0.00011968695616815239, 0.0001763297477737069, 0.000208223209483549, 0.00024061820295173675, 0.00029654550598934293, 0.00032720420858822763, 0.0003593422006815672, 0.00041149454773403704, 0.00043115316657349467, 0.0004546001146081835, 0.0005020544049330056, 0.000518728164024651, 0.0005367383710108697, 0.0005798225174658, 0.0005991635844111443, 0.0006222469382919371, 0.0006725486018694937, 0.0006901127053424716, 0.000709892192389816, 0.0007485509850084782, 0.0007666813326068223, 0.0007891167188063264, 0.0008256987202912569, 0.0008428415167145431, 0.0008617998100817204, 0.0008975151577033103, 0.0009108131635002792, 0.0009245952824130654, 0.0009489778894931078, 0.0009596384479664266, 0.000977492076344788, 0.0010267108445987105, 0.001045755809172988, 0.0010643182322382927, 0.0011001734528690577, 0.0011193524114787579, 0.0011383626842871308, 0.0011728106765076518, 0.00118673883844167, 0.0012032377999275923, 0.0012374885845929384, 0.0012508591171354055, 0.0012632458237931132], "lr": 0.0005}