{"name": "swa", "losses": [0.8057465634839919, 0.4087830962960982, 0.22934483018372676, 0.13276789904288624, 0.10039740384977949, 0.07419370104084767, 0.06383356592758462, 0.05885521197558173, 0.053169797360420684, 0.043466925823494144, 0.049767909903207896, 0.047897804242646905, 0.03428251361724494, 0.0381337394214371, 0.031683637623322644], "test_losses": [0.7046330872970291, 0.8162025726294215, 0.7410534469387199, 1.0157546431203432, 0.8658664105813715, 0.8765579778936845, 0.8747798370409615, 0.9964720071116581, 0.8449150753926628, 0.9597052056578141, 1.1338632853725288, 1.1885968703257888, 1.0130362842656389, 0.9967262733586227, 1.0670091215568254], "accuracies": [0.71584, 0.86064, 0.92034, 0.95382, 0.96514, 0.974, 0.97782, 0.97844, 0.98164, 0.98452, 0.98248, 0.98298, 0.98852, 0.98658, 0.9891], "test_accuracies": [0.7591, 0.7292, 0.78, 0.7396, 0.7751, 0.7879, 0.7956, 0.7799, 0.8044, 0.7891, 0.7691, 0.761, 0.7971, 0.8019, 0.7957], "correlations": [0.0, 0.00013616186333820224, 0.00022308790357783437, 0.00030108721693977714, 0.0004424799990374595, 0.0005256736185401678, 0.0006075233686715364, 0.0007518464117310941, 0.0008353354060091078, 0.0009325417340733111, 0.0010842176852747798, 0.0011505363509058952, 0.0012340021785348654, 0.0013843843480572104, 0.001441384432837367, 0.0015235772589221597, 0.0016474532894790173, 0.0016987278359010816, 0.0017747419187799096, 0.0018940005684271455, 0.0019474802538752556, 0.0020132234785705805, 0.0021332441829144955, 0.0021888844203203917, 0.002252596663311124, 0.0023836386390030384, 0.002439897507429123, 0.0025113136507570744, 0.002613853896036744, 0.0026700091548264027, 0.0027353123296052217, 0.0028434298001229763, 0.0028959582559764385, 0.002980407327413559, 0.0031147683039307594, 0.0031797289848327637, 0.003234253264963627, 0.0033473861403763294, 0.0033763740211725235, 0.003437440376728773, 0.0035788719542324543, 0.0036285105161368847, 0.0036854674108326435, 0.003791459370404482, 0.003843321232125163, 0.0039047093596309423], "lr": 0.001}