{"name": "swa", "losses": [1.4922830444162765, 0.9162437737445392, 0.7321767486879588, 0.611506451654922, 0.5160663856569764, 0.43057925781935374, 0.3554754089135343, 0.28539836433385035, 0.21765020415377434, 0.16083423856198026, 0.11369467798210776, 0.0759345244263749, 0.05057536391898647, 0.03141883797610126, 0.020092765745871207], "test_losses": [1.06481494028357, 0.8524029111560387, 0.7970267247550095, 0.7059688062607488, 0.709159025663062, 0.6903761289542234, 0.6723737716674805, 0.6755026741118371, 0.7036995005004013, 0.7290169068529636, 0.7585516873794266, 0.7999424111994007, 0.8649141539501238, 0.8799164174478266, 0.9242265963856178], "accuracies": [0.49292, 0.68482, 0.75102, 0.79328, 0.826, 0.85776, 0.88654, 0.91132, 0.9382, 0.95862, 0.9752, 0.98678, 0.99348, 0.99734, 0.99882], "test_accuracies": [0.6307, 0.6995, 0.7203, 0.7541, 0.7561, 0.765, 0.7716, 0.7777, 0.778, 0.7757, 0.777, 0.7757, 0.7688, 0.7727, 0.7748], "correlations": [0.0, 2.4936616682680324e-06, 6.7971996031701565e-06, 1.0923733498202637e-05, 1.7654003386269324e-05, 2.0713589037768543e-05, 2.3785358280292712e-05, 2.9511031243600883e-05, 3.224090687581338e-05, 3.487485446385108e-05, 4.004173388238996e-05, 4.278280903236009e-05, 4.525974509306252e-05, 5.0246206228621304e-05, 5.2972733101341873e-05, 5.563196464208886e-05, 6.075754572520964e-05, 6.372181087499484e-05, 6.639982893830165e-05, 7.179268868640065e-05, 7.480886415578425e-05, 7.758251740597188e-05, 8.313798025483266e-05, 8.619509753771126e-05, 8.924174471758306e-05, 9.499969746684656e-05, 9.807321475818753e-05, 0.00010103434760821983, 0.00010682751599233598, 0.00010990139708155766, 0.00011290185648249462, 0.00011843371612485498, 0.00012139299360569566, 0.00012442347360774875, 0.0001297824492212385, 0.00013262189168017358, 0.000135290581965819, 0.00014023394032847136, 0.00014281549374572933, 0.0001453152799513191, 0.00014989158080425113, 0.00015208779950626194, 0.00015427832840941846, 0.00015814298240002245, 0.00016003237396944314, 0.00016186742868740112], "lr": 5e-05}