{"name": "swa", "losses": [0.8102039469934791, 0.4148484233700101, 0.23843482174836766, 0.13861148945434623, 0.09258150155453579, 0.07667419978934328, 0.06664351395705281, 0.05296643922948624, 0.05755859555181145, 0.049269797220883316, 0.046868980677603075, 0.03932140106120911, 0.04287729748641438, 0.04084760022868909, 0.0337568179512506], "test_losses": [0.7267197581786143, 0.6794833874777902, 0.6033186418346211, 0.7649859527621088, 0.9668196296390099, 0.835689512989189, 1.4270369142671175, 0.8324361915075327, 1.0286505358128608, 0.9350877596607691, 1.0095168724656105, 1.0137181183959865, 1.0219124913970126, 1.2036066832421701, 0.9990244962369339], "accuracies": [0.71758, 0.856, 0.91736, 0.95234, 0.96722, 0.97352, 0.97712, 0.98162, 0.98064, 0.98232, 0.98392, 0.98644, 0.9855, 0.98618, 0.98856], "test_accuracies": [0.7507, 0.7719, 0.8087, 0.7926, 0.7698, 0.7977, 0.6975, 0.818, 0.7681, 0.8085, 0.7954, 0.7892, 0.7969, 0.7628, 0.808], "correlations": [0.0, 0.00013464700896292925, 0.00021991111862007529, 0.00029501039534807205, 0.00043233809992671013, 0.0005167993367649615, 0.0005994316306896508, 0.0007449969998560846, 0.0008326160605065525, 0.0009306638967245817, 0.0010677460813894868, 0.0011374872410669923, 0.001229207613505423, 0.0013662418350577354, 0.0014230599626898766, 0.0015048428904265165, 0.0016320981085300446, 0.0016822423785924911, 0.0017552587669342756, 0.0018931127851828933, 0.0019516200991347432, 0.0020103834103792906, 0.0021348067093640566, 0.002181824529543519, 0.0022295224480330944, 0.002336603356525302, 0.0024016695097088814, 0.00247281976044178, 0.00260307639837265, 0.0026572614442557096, 0.002726340899243951, 0.002846122719347477, 0.0029015864711254835, 0.002961363410577178, 0.0030824143905192614, 0.00312395510263741, 0.0031786588951945305, 0.0033132063690572977, 0.003374665742740035, 0.003428268013522029, 0.003546719904989004, 0.0036040889099240303, 0.0036843835841864347, 0.003813966875895858, 0.003872321220114827, 0.003912684042006731], "lr": 0.001}