{"name": "swa", "losses": [1.2276665508899542, 0.7052554640623615, 0.5179477767718722, 0.3747183590974954, 0.2492028255291912, 0.14723584650422605, 0.07357565588925195, 0.03336387598062949, 0.01659084319749185, 0.009961689106615074, 0.005913841954368116, 0.004271179951234337, 0.0034592106769842754, 0.002645221238722429, 0.0020522514715150017], "test_losses": [0.9145877391477174, 0.7130468578278264, 0.6785002045239075, 0.6566865297057961, 0.7223139088365096, 0.7655579960798915, 0.8414706587791443, 0.8512952455991432, 0.8798316377627698, 0.9315418208701701, 0.9534096431128586, 0.9987382383286199, 1.0289607991146137, 1.0857436845574198, 1.0603723209115523], "accuracies": [0.57758, 0.7568, 0.82354, 0.8766, 0.92404, 0.96154, 0.98552, 0.99674, 0.99926, 0.99968, 0.99992, 0.99994, 0.99988, 0.99994, 0.99996], "test_accuracies": [0.677, 0.7555, 0.764, 0.7768, 0.7653, 0.7694, 0.7728, 0.7805, 0.7841, 0.782, 0.7851, 0.7829, 0.7853, 0.7797, 0.786], "correlations": [0.0, 7.229628408822464e-06, 1.5865387467783876e-05, 2.2869051463203505e-05, 3.409509372431785e-05, 3.935516360797919e-05, 4.4283522584009916e-05, 5.454695565276779e-05, 6.009909338899888e-05, 6.503980694105849e-05, 7.578888471471146e-05, 8.167780470103025e-05, 8.716803858987987e-05, 9.833674266701564e-05, 0.00010453130380483344, 0.00011017834185622633, 0.00012138487363699824, 0.00012721341045107692, 0.00013293589290697128, 0.00014300951443146914, 0.00014803528029005975, 0.00015280158550012857, 0.0001613160129636526, 0.00016508098633494228, 0.00016877794405445457, 0.0001751739764586091, 0.00017786580428946763, 0.00018072740931529552, 0.00018578344315756112, 0.00018798078235704452, 0.0001902466028695926, 0.0001940848887898028, 0.00019575150508899242, 0.00019767042249441147, 0.000201008515432477, 0.0002026609145104885, 0.0002042470732703805, 0.00020732003031298518, 0.00020882586250081658, 0.00021034490782767534, 0.00021334883058443666, 0.00021477509289979935, 0.00021639527403749526, 0.0002195039705839008, 0.00022096007887739688, 0.00022225543216336519]}