{"name": "swa", "losses": [1.286913114587974, 0.7284073889103082, 0.5302856635407108, 0.3857984207475277, 0.2599149794910875, 0.1544719556599017, 0.07807180943810726, 0.03606984046433131, 0.017499478587456752, 0.010391960736921491, 0.00593175843615285, 0.0043140343831652, 0.0034366510049237504, 0.0027035184606821624, 0.0020127730137999636], "test_losses": [0.8727573473242265, 0.7205538364905345, 0.7473697926424727, 0.6925767516788048, 0.6749638322787949, 0.7396294806576982, 0.8026892640922643, 0.8384283962129038, 0.8908694703367692, 0.9278352539750594, 0.9665043836907495, 1.013439845435227, 1.0294398967223832, 1.0429658972764317, 1.0980517004109636], "accuracies": [0.55314, 0.7493, 0.81876, 0.87214, 0.92062, 0.95774, 0.9845, 0.99548, 0.99894, 0.99958, 0.99994, 0.99996, 0.99994, 0.99994, 0.99998], "test_accuracies": [0.6976, 0.7503, 0.7404, 0.7635, 0.783, 0.7754, 0.7756, 0.7821, 0.7823, 0.7842, 0.7848, 0.7821, 0.7817, 0.7839, 0.7799], "correlations": [0.0, 7.360368726949673e-06, 1.6287645848933607e-05, 2.3446185878128745e-05, 3.574727088562213e-05, 4.1399973270017654e-05, 4.6712961193406954e-05, 5.709001197828911e-05, 6.268774450290948e-05, 6.77528150845319e-05, 7.839319732738659e-05, 8.430733578279614e-05, 9.004624007502571e-05, 0.00010139303776668385, 0.00010729583300417289, 0.00011305249063298106, 0.00012436318502295762, 0.0001303292956436053, 0.00013590737944468856, 0.0001460238272557035, 0.00015105555939953774, 0.00015591784904245287, 0.0001643038704060018, 0.0001680765562923625, 0.00017194933025166392, 0.00017831679724622518, 0.00018119269225280732, 0.00018410013581160456, 0.00018896846449933946, 0.0001911601284518838, 0.0001934766914928332, 0.00019750346837099642, 0.000199232337763533, 0.0002010641765082255, 0.00020423218666110188, 0.0002057987148873508, 0.00020738148305099458, 0.00021038409613538533, 0.00021181389456614852, 0.00021366881264839321, 0.00021639377519022673, 0.00021791105973534286, 0.0002196515997638926, 0.00022229347086977214, 0.00022351961524691433, 0.00022498886391986161]}