{"name": "swa", "losses": [1.5252886025801948, 0.9196885869935956, 0.7301068882198285, 0.61121547473666, 0.5153637344727431, 0.4325089878438379, 0.35548410936237296, 0.28813163959004384, 0.2228791695612166, 0.16716944571117612, 0.11825360606431656, 0.08147028015207147, 0.05253440169784267, 0.03380830927044534, 0.022370772012283126], "test_losses": [1.0729516835152348, 0.8364761532107486, 0.7468041060846063, 0.7464635711681994, 0.6721291938160039, 0.6534951868691022, 0.6567584823203992, 0.6814203481130963, 0.693249763944481, 0.7311694263657437, 0.8027749129488498, 0.7986999180498002, 0.8514440550079828, 0.8937152880656568, 0.9157386241079886], "accuracies": [0.47284, 0.6835, 0.74976, 0.78956, 0.82378, 0.85632, 0.88448, 0.90918, 0.9342, 0.955, 0.97234, 0.98406, 0.9928, 0.99674, 0.99856], "test_accuracies": [0.627, 0.7065, 0.7353, 0.7407, 0.7696, 0.7776, 0.7787, 0.7733, 0.7783, 0.7727, 0.7658, 0.7722, 0.7728, 0.772, 0.7738], "correlations": [0.0, 2.469055289111566e-06, 6.864222996227909e-06, 1.1172923223057296e-05, 1.8695898688747548e-05, 2.2141448425827548e-05, 2.5162837118841708e-05, 3.089590245508589e-05, 3.380609632586129e-05, 3.656324042822234e-05, 4.1696595872053877e-05, 4.442732461029664e-05, 4.711738074547611e-05, 5.202650572755374e-05, 5.483299901243299e-05, 5.751123171648942e-05, 6.280100205913186e-05, 6.567186210304499e-05, 6.838372064521536e-05, 7.394212298095226e-05, 7.67852907301858e-05, 7.965004624566063e-05, 8.536388486390933e-05, 8.840020018396899e-05, 9.137923188973218e-05, 9.718452201923355e-05, 0.00010027457756223157, 0.00010325893526896834, 0.00010910068522207439, 0.00011221120075788349, 0.00011537894170032814, 0.00012104308552807197, 0.00012401687854435295, 0.00012693311145994812, 0.00013240471889730543, 0.00013522441440727562, 0.00013800608576275408, 0.00014306111552286893, 0.0001456757017876953, 0.00014822478988207877, 0.0001526431879028678, 0.00015486389747820795, 0.00015713793982286006, 0.0001613018976058811, 0.00016328413039445877, 0.00016527924162801355], "lr": 5e-05}