{"name": "swa", "losses": [1.238929557221015, 0.7138792120129861, 0.5296097539574899, 0.38296700343299095, 0.2598855357874385, 0.1550975308451049, 0.08264767838275189, 0.038067504804095494, 0.018934774052951953, 0.01045564510931006, 0.006773532889878658, 0.004395833117184718, 0.0032996688220623756, 0.002463197784588846, 0.007141035261249546], "test_losses": [0.8686294993267784, 0.7838796445086033, 0.7058513983141018, 0.6623001513601858, 0.7158806991728046, 0.772258886430837, 0.835073747966863, 0.8360639972777306, 0.9047457424900199, 0.9254682565791698, 0.9579650982271267, 0.9946771882757356, 1.0320651795290694, 1.0441994165317923, 1.565598012525824], "accuracies": [0.56988, 0.75262, 0.8191, 0.87294, 0.9193, 0.95822, 0.9827, 0.99498, 0.99858, 0.99958, 0.99986, 0.99998, 1.0, 1.0, 0.9985], "test_accuracies": [0.6967, 0.7258, 0.7531, 0.7713, 0.7686, 0.7723, 0.7736, 0.7807, 0.781, 0.785, 0.7854, 0.7833, 0.7815, 0.7862, 0.7123], "correlations": [0.0, 7.333675512199989e-06, 1.6056086678872816e-05, 2.3338356186286546e-05, 3.5144665162079036e-05, 4.0613369492348284e-05, 4.5769393182126805e-05, 5.623697870760225e-05, 6.147946987766773e-05, 6.663556268904358e-05, 7.719556742813438e-05, 8.316284947795793e-05, 8.845783304423094e-05, 9.991301340050995e-05, 0.00010601058602333069, 0.00011200346489204094, 0.0001232962094945833, 0.00012934165715705603, 0.00013508890697266906, 0.0001456625177524984, 0.0001509450376033783, 0.00015603104839101434, 0.00016502013022545725, 0.00016892017447389662, 0.0001726862246869132, 0.000179461290827021, 0.0001824425271479413, 0.00018546936917118728, 0.00019071537826675922, 0.00019282787980046123, 0.00019514115410856903, 0.00019939482444897294, 0.00020137711544521153, 0.00020336681336630136, 0.00020687653159257025, 0.0002084453881252557, 0.00021011490025557578, 0.00021310093870852143, 0.0002146810875274241, 0.00021626050875056535, 0.00021919752180110663, 0.00022055716544855386, 0.00022207405709195882, 0.00022460758918896317, 0.00022673254716210067, 0.00022975701722316444]}