{"name": "swa", "losses": [1.2606738378934543, 0.7229824794070495, 0.53027706438928, 0.386641741370606, 0.25870552125489316, 0.15092373193453645, 0.07713791044891033, 0.03636397303217817, 0.017742854493010378, 0.009590528262874393, 0.006572101936292122, 0.004610224740098581, 0.003169912915162342, 0.0024629586570970047, 0.002161420886363129], "test_losses": [0.902248575717588, 0.7644468825074691, 0.69556558245345, 0.6457734745514544, 0.6900195279453374, 0.7345199494422237, 0.8423571828045423, 0.8691393468953386, 0.9064664719979975, 0.9367869941494132, 1.0539090256147747, 1.0293067942691754, 1.050092477587205, 1.0943963806840438, 1.101906484440912], "accuracies": [0.56642, 0.7506, 0.82076, 0.87172, 0.9204, 0.95972, 0.98476, 0.99582, 0.99878, 0.99974, 0.99976, 0.99994, 0.99996, 0.99996, 0.99994], "test_accuracies": [0.687, 0.7322, 0.7583, 0.7791, 0.7774, 0.7792, 0.767, 0.7735, 0.7766, 0.7758, 0.7677, 0.7746, 0.7773, 0.7745, 0.7777], "correlations": [0.0, 7.389295205939561e-06, 1.644577059778385e-05, 2.364651118114125e-05, 3.585072045098059e-05, 4.127823922317475e-05, 4.6356355596799403e-05, 5.659878297592513e-05, 6.221940566319972e-05, 6.747819134034216e-05, 7.811058458173648e-05, 8.413429895881563e-05, 8.960525155998766e-05, 0.00010056777682621032, 0.00010667889000615105, 0.00011259428720222786, 0.0001237554388353601, 0.0001297327398788184, 0.00013546379341278225, 0.0001455840392736718, 0.00015071553934831172, 0.00015563170018140227, 0.00016407412476837635, 0.00016792134556453675, 0.00017181222210638225, 0.00017838417261373252, 0.00018117172294296324, 0.00018405728042125702, 0.000188911595614627, 0.00019124452956020832, 0.00019342510495334864, 0.00019721065473277122, 0.0001992320321733132, 0.00020110217155888677, 0.00020460905216168612, 0.00020629870414268225, 0.0002079610276268795, 0.0002109035267494619, 0.0002123290323652327, 0.00021389499306678772, 0.00021678012853953987, 0.00021814598585478961, 0.0002195208362536505, 0.00022229866590350866, 0.00022358293063007295, 0.00022488844115287066]}